"0","average_total_active_minutes <- daily_activity2 %>% "
"0","  group_by(Weekdays) %>% "
"0","  summarise_at(vars(TotalActiveMinutes),"
"0","               list(TotalActiveMinutes = mean))"
"0",""
"0","ggplot(data=average_total_active_minutes, aes(x=Weekdays,y=TotalActiveMinutes, group=1))+ geom_line(color = ""hotpink1"")+   labs(title=""Average Total Active Minutes by Day"", x= ""Weekdays"", y=""Total Active Minutes"")+"
"0","geom_text(aes(label=round(TotalActiveMinutes, digits=0), hjust=-0.75, vjust=0.75),size=3)+"
"0"," theme(plot.title = element_text(size=14), text = element_text(size=10), axis.text.x = element_text(angle=35, hjust=1))"
