{"chunk_definitions":[{"row":11,"row_count":1,"visible":true,"expansion_state":0,"options":{"engine":"r","label":"setup","include":false},"document_id":"EFE1D8FE","chunk_id":"csetup_chunk","chunk_label":"setup"},{"row":70,"row_count":1,"visible":true,"expansion_state":0,"options":{"engine":"r","label":"unnamed-chunk-2"},"document_id":"EFE1D8FE","chunk_id":"chislhwtutgo9","chunk_label":"unnamed-chunk-2"},{"row":78,"row_count":1,"visible":true,"expansion_state":0,"options":{"engine":"r","label":"unnamed-chunk-3"},"document_id":"EFE1D8FE","chunk_id":"cb8qo9a7gfmlu","chunk_label":"unnamed-chunk-3"},{"row":85,"row_count":1,"visible":true,"expansion_state":0,"options":{"engine":"r","label":"unnamed-chunk-4"},"document_id":"EFE1D8FE","chunk_id":"c9ssb0ab88y5m","chunk_label":"unnamed-chunk-4"},{"row":104,"row_count":1,"visible":true,"expansion_state":0,"options":{"engine":"r","label":"unnamed-chunk-5"},"document_id":"EFE1D8FE","chunk_id":"ceohix4mjo7ks","chunk_label":"unnamed-chunk-5"},{"row":108,"row_count":1,"visible":true,"expansion_state":0,"options":{"engine":"r","label":"unnamed-chunk-6"},"document_id":"EFE1D8FE","chunk_id":"c1dlo1wkq4eau","chunk_label":"unnamed-chunk-6"},{"row":111,"row_count":1,"visible":true,"expansion_state":0,"options":{"engine":"r","label":"unnamed-chunk-8"},"document_id":"EFE1D8FE","chunk_id":"cshs30c6l9won","chunk_label":"unnamed-chunk-7"},{"row":115,"row_count":1,"visible":true,"expansion_state":0,"options":{"engine":"r","label":"unnamed-chunk-9"},"document_id":"EFE1D8FE","chunk_id":"cyc7e2e9ypnzp","chunk_label":"unnamed-chunk-8"},{"row":120,"row_count":1,"visible":true,"expansion_state":0,"options":{"engine":"r","label":"unnamed-chunk-10"},"document_id":"EFE1D8FE","chunk_id":"cntmfegee5dmc","chunk_label":"unnamed-chunk-9"},{"row":129,"row_count":1,"visible":true,"expansion_state":0,"options":{"engine":"r","label":"unnamed-chunk-11"},"document_id":"EFE1D8FE","chunk_id":"cko8zmmlxkwxn","chunk_label":"unnamed-chunk-10"},{"row":135,"row_count":1,"visible":true,"expansion_state":0,"options":{"engine":"r","label":"unnamed-chunk-1"},"document_id":"EFE1D8FE","chunk_id":"c3hfu7jh9yk7g","chunk_label":"unnamed-chunk-11"},{"row":152,"row_count":1,"visible":true,"expansion_state":0,"options":{"engine":"r","label":"unnamed-chunk-2"},"document_id":"EFE1D8FE","chunk_id":"c3bgudh4k7bx8","chunk_label":"unnamed-chunk-12"},{"row":160,"row_count":1,"visible":true,"expansion_state":0,"options":{"engine":"r","label":"unnamed-chunk-8"},"document_id":"EFE1D8FE","chunk_id":"cpht8jsqks676","chunk_label":"unnamed-chunk-13"},{"row":183,"row_count":1,"visible":true,"expansion_state":0,"options":{"engine":"r","label":"unnamed-chunk-12"},"document_id":"EFE1D8FE","chunk_id":"cp469z816ldsk","chunk_label":"unnamed-chunk-14"},{"row":210,"row_count":1,"visible":true,"expansion_state":0,"options":{"engine":"r","label":"unnamed-chunk-14"},"document_id":"EFE1D8FE","chunk_id":"cz4s1thbyd8eu","chunk_label":"unnamed-chunk-15"}],"doc_write_time":1637774839}